{"cameraMode":{"drawMode":0,"name":"Shaded","section":"Shading Mode"},"sceneLighting":true,"audioPlay":false,"sceneViewState":{"showFog":true,"showMaterialUpdate":false,"showSkybox":true,"showFlares":true,"showImageEffects":true,"showParticleSystems":true},"in2DMode":false,"pivot":{"x":-0.9454910755157471,"y":2.8553388118743898,"z":-3.7451658248901369},"rotation":{"x":0.17435993254184724,"y":-0.22323846817016602,"z":0.04062266647815704,"w":0.9581824541091919},"size":9.62690544128418,"orthographic":false}