{"cameraMode":{"drawMode":0,"name":"Shaded","section":"Shading Mode"},"sceneLighting":true,"audioPlay":false,"sceneViewState":{"showFog":true,"showMaterialUpdate":false,"showSkybox":true,"showFlares":true,"showImageEffects":true,"showParticleSystems":true},"in2DMode":false,"pivot":{"x":1.8072333335876465,"y":-0.4807147979736328,"z":1.9897785186767579},"rotation":{"x":0.17111042141914369,"y":0.09736201912164688,"z":-0.016997383907437326,"w":0.9802955985069275},"size":19.69300651550293,"orthographic":false}