{"cameraMode":{"drawMode":0,"name":"Shaded","section":"Shading Mode"},"sceneLighting":false,"audioPlay":false,"sceneViewState":{"showFog":true,"showMaterialUpdate":false,"showSkybox":false,"showFlares":true,"showImageEffects":true,"showParticleSystems":true},"in2DMode":false,"pivot":{"x":1.6626906394958497,"y":-0.15327207744121552,"z":-19.568071365356447},"rotation":{"x":0.14346158504486085,"y":-0.02374933287501335,"z":0.003443739376962185,"w":0.9893653988838196},"size":1.569388747215271,"orthographic":false}